4452;9610;KANS;KS
4759;9610;WRKH;AL
4899;9610;KBEX;TX
5077;9610;KTRU;TX
5181;9610;KBPT;CA
5229;9610;KBRP;AZ
5231;9610;WMAX;MI
5282;9610;KBTQ;TX
5316;9610;KSME;CO
5453;9610;KIBT;CO
53712;9610;KCDF;TX
5563;9610;KCEL;CA
5628;9610;WSRS;MA
5890;9610;KISO;NE
5965;9610;KCTX;TX
6023;9610;KCWD;AR
6135;9610;WKST;PA
6342;9610;WHQC;NC
6492;9610;WWPW;GA
6776;9610;KISO;NE
7418;9610;KEXU;CA
7501;9610;WPKF;NY
7854;9610;KFOO;WA
7946;9610;KRVE;LA
7966;9610;KXXM;TX
7978;9610;KXXY;OK
8304;9610;K241CN;NE
8567;9610;WDKE;MN
9205;9610;XHON;TA
9579;9610;KICX;NE
9850;9610;KINI;NE
9891;9610;KIOX;TX
9961;9610;KIRP;TX
10012;9610;KITO;OK
10125;9610;KIXX;SD
10699;9610;KJTZ;CA
11003;9610;K241CS;AZ
11165;9610;KKLX;WY
11373;9610;KKTX;TX
11472;9610;KKXS;CA
11816;9610;KLKY;OR
11945;9610;KLPX;AZ
11990;9610;KLRQ;MO
12660;9610;KMRK;TX
12673;9610;KMRX;AR
12812;9610;KMXG;IA
13161;9610;KNKR;HI
13260;9610;KNOM;AK
13468;9610;KNWM;IA
14018;9610;KORQ;TX
14665;9610;KPQN;NM
14802;9610;KAGG;TX
15113;9610;KQHT;MN
15319;9610;KQPR;MN
16005;9610;KRQB;CA
16455;9610;K241CO;TX
16639;9610;KZRC;OK
16696;9610;KSQQ;CA
16727;9610;KSRV;OR
16775;9610;KSTR;CO
17054;9610;K241CM;TX
17402;9610;KTRU;TX
17836;9610;KUIM;AK
18089;9610;KUSF;CA
18597;9610;K241BO;TX
19106;9610;KWFI;ID
19420;9610;KWRK;AZ
19895;9610;KXJR;NM
20256;9610;KXXO;WA
20412;9610;KYDO;CA
20969;9610;KYYZ;ND
21111;9610;KZEL;OR
21440;9610;KZRC;OK
21787;9610;WAEL;PR
22375;9610;WBBB;NC
22869;9610;WBUB;NH
22927;9610;WBWH;OH
23055;9610;WCBF;NY
23162;9610;WCFI;OH
23532;9610;WCTO;PA
23825;9610;WDEV;VT
23964;9610;WDKE;MN
26453;9610;WHBX;FL
26608;9610;W241CV;SC
26755;9610;WHNN;MI
27284;9610;WIHW;DE
27632;9610;WIVG;MS
28070;9610;WJMC;WI
28248;9610;WJSY;VT
28304;9610;WJVC;NY
28574;9610;WKFM;OH
29022;9610;WKWS;WV
29098;9610;WKZQ;SC
29374;9610;WLKG;WI
29465;9610;WLNT;TN
29758;9610;WLZA;MS
30015;9610;K241CK;MO
30027;9610;W241AI;AL
30217;9610;WMQR;VA
30295;9610;WMTR;OH
31239;9610;WODZ;NY
31328;9610;WOHK;OH
31855;9610;W241AX;FL
32687;9610;WQHR;ME
32766;9610;WQKS;AL
32784;9610;WQLK;IN
33537;9610;WROJ;MN
33551;9610;WROX;VA
33772;9610;WRXK;FL
33885;9610;W241AD;IN
34227;9610;WSOX;PA
34348;9610;WSTO;KY
34591;9610;WTCX;WI
34843;9610;WTMP;FL
35002;9610;WTSS;NY
35017;9610;WTTH;NJ
36159;9610;WVLF;NY
36755;9610;WWID;FL
36822;9610;WWKS;VI
37341;9610;W241AG;WI
37361;9610;WXFL;AL
37856;9610;WXYM;WI
38923;9610;WZNN;KY
38977;9610;WZPP;FL
41251;9610;XEUN;CD
41285;9610;KACR;CA
41378;9610;KAGG;TX
41581;9610;KKTX;TX
42174;9610;KSLY;CA
42365;9610;KYKZ;LA
42415;9610;KYMX;CA
42495;9610;KYPZ;MT
42555;9610;WEJZ;FL
42788;9610;WKKQ;KY
42803;9610;KYYZ;ND
43024;9610;WQLK;IN
43145;9610;WQQB;IL
45570;9610;CBC1; ?
45571;9610;CBC2; ?
45572;9610;CBCF1; ?
45573;9610;CBCF2; ?
49759;9610;CFMY;AB
50391;9610;CHKG;BC
50464;9610;CHMY;ON
51172;9610;CINB;NB
52711;9610;CKRW;YT
52851;9610;CKX;MB
53514;9610;K241BO;TX
53525;9610;K241AK;NV
53534;9610;W241CB;AL
53536;9610;K241BW;TX
53541;9610;K241BQ;AZ
53562;9610;K241CL;CA
53578;9610;W241BI;SC
53580;9610;K241DE;MN
53603;9610;W241CP;ME
53630;9610;K241CE;AR
53655;9610;K241BJ;MN
53661;9610;W241DI;FL
53667;9610;K241AX;MT
53673;9610;W241BT;AL
53680;9610;W241BP;FL
53701;9610;W241CC;IL
53707;9610;W241CW;PR
53710;9610;K241BP;NM
53718;9610;K241CD;AK
53723;9610;K241CZ;MO
53724;9610;W241BS;IL
53741;9610;W241AZ;PA
53761;9610;W241AO;MD
53785;9610;K241AS;AK
53786;9610;W241BE;TN
53793;9610;K241CN;NE
53812;9610;W241AX;FL
53831;9610;W241CK;IN
53846;9610;W241CD;IN
53849;9610;K241CY;AR
53862;9610;W241CZ;FL
53864;9610;K241BV;UT
53875;9610;K241DD;ID
53902;9610;W241DE;PR
53924;9610;W241CI;WI
53968;9610;W241DJ;SC
53975;9610;W241AD;IN
53994;9610;W241AL;VA
54004;9610;W241CH;PA
54005;9610;W241AG;WI
54017;9610;W241AF;GA
54055;9610;K241AP;AR
54061;9610;W241CG;CT
54076;9610;K241BT;MO
54087;9610;W241CJ;WI
54104;9610;W241BV;TN
54119;9610;K241AO;CO
54158;9610;K241CH;CA
54160;9610;K241CW;OR
54165;9610;K241CS;AZ
54173;9610;K241CI;CA
54185;9610;W241BB;PA
54220;9610;W241AJ;NH
54234;9610;K241AG;OR
54235;9610;K241CA;OR
54238;9610;K241CM;TX
54278;9610;W241CO;GA
54285;9610;K241CU;KS
54294;9610;K241AN;KS
54310;9610;W241CM;NY
54322;9610;W241AP;VA
54326;9610;W241CQ;PA
54328;9610;W241CR;FL
54334;9610;W241AI;AL
54368;9610;K241AR;KS
54377;9610;K241CP;CO
54381;9610;K241BY;MO
54404;9610;W241CA;CT
54413;9610;K241CK;MO
54414;9610;W241CN;NY
54417;9610;W241CV;SC
54450;9610;K241AB;AK
54458;9610;K241CO;TX
54473;9610;W241CT;SC
54476;9610;K241CV;WA
54481;9610;W241CF;IL
54507;9610;W241CS;NJ
54641;9610;W241DF;IL
54669;9610;W241DA;SC
54685;9610;K241CT;CA
54712;9610;W241DG;NY
54713;9610;W241DD;NC
1;9630;WRHT;NC
4173;9630;KACZ;KS
4540;9630;KARC;CA
4797;9630;KBAZ;MT
4860;9630;KHEY;TX
4877;9630;WROV;VA
5211;9630;WMAD;WI
5455;9630;KCAH;MO
5719;9630;K242BV;UT
5831;9630;KCOT;TX
6131;9630;WKSP;SC
7257;9630;KERP;KS
7703;9630;K242DE;TX
7796;9630;KFMI;CA
8956;9630;KHEY;TX
9132;9630;KHLS;AR
9288;9630;KHRS;AK
9567;9630;KICL;IA
10320;9630;KJFK;TX
10383;9630;KJHV;TX
11092;9630;KKJC;OR
11167;9630;KKLZ;NV
11221;9630;KKOB;NM
11428;9630;KKWA;OR
11829;9630;KLLL;TX
12257;9630;W242CI;FL
12780;9630;KMWA;MN
12980;9630;KNDS;ND
13834;9630;KOKO;HI
14098;9630;KOUS;LA
15662;9630;KRCW;WA
15684;9630;XEJB;JA
15808;9630;KRIM;AZ
15942;9630;KRNQ;IA
16099;9630;KRTR;HI
16182;9630;KRWW;WA
16251;9630;KRZN;MT
16334;9630;KSCS;TX
16733;9630;KSSB;CA
16842;9630;KSWG;AZ
17035;9630;KTDR;TX
17126;9630;KJFK;TX
17440;9630;KTTG;AR
17643;9630;KUBB;CA
18927;9630;K242AQ;AZ
19094;9630;KWEW;WA
19708;9630;KXCM;CA
19952;9630;KXLW;AK
20019;9630;KXOL;CA
20096;9630;KXRK;UT
21055;9630;KZCH;KS
21098;9630;KZDY;KS
21331;9630;KZMX;SD
21605;9630;KZXL;TX
21798;9630;W242DH;TN
21931;9630;WAJZ;NY
22386;9630;WBBM;IL
22758;9630;WBPU;FL
23268;9630;WCJK;TN
24249;9630;WDVD;MI
25284;9630;KXRK;UT
25585;9630;WFUN;MO
25699;9630;WFYX;NH
26448;9630;WHBS;MI
26593;9630;WYHX;IN
26941;9630;WHUR;DC
27046;9630;WHYS;WI
27388;9630;WILW;WI
27469;9630;CIOZ;NL
27650;9630;WIVY;KY
27756;9630;WJAA;IN
27807;9630;WJBZ;TN
27989;9630;WJIZ;GA
27991;9630;WJJB;ME
28135;9630;WJOP;MA
28224;9630;WJSA;PA
28362;9630;WJXI;AL
29173;9630;WLCN;IL
29216;9630;W242AX;AL
29488;9630;WLOQ;PA
29670;9630;WLVQ;OH
29725;9630;WLXT;MI
29733;9630;WLYB;AL
29857;9630;WMCV;IN
31330;9630;WOHM;SC
31647;9630;WOTR;WV
32084;9630;WPKM;WV
32403;9630;W242CQ;TN
33365;9630;WRHT;NC
33512;9630;WRNK;AL
33908;9630;WSCQ;FL
33986;9630;WSFQ;WI
35006;9630;WTSW;WI
35479;9630;WULB;FL
35644;9630;WURK;FL
35669;9630;WUSJ;MS
36199;9630;W242BK;VT
37484;9630;WXKE;IN
37504;9630;WXKY;KY
37582;9630;WXNY;NY
37708;9630;WXSU;MD
37815;9630;WXWX;MS
38101;9630;WYHX;IN
38370;9630;WYSG;MN
38626;9630;W242CW;FL
38857;9630;W242CT;NY
41293;9630;KACZ;KS
41460;9630;KAJK;CA
41589;9630;KGGB;TX
41643;9630;KGID;TX
42512;9630;WEII;MA
42798;9630;WKLA;MI
43176;9630;WQRG;MS
45570;9630;CBC1; ?
45571;9630;CBC2; ?
45572;9630;CBCF1; ?
45573;9630;CBCF2; ?
49745;9630;CFMK;ON
49756;9630;CFMV;QC
49760;9630;CFMZ;ON
50009;9630;CFWD;SK
51023;9630;CIHO;QC
51173;9630;CINC;MB
51224;9630;CIOZ;NL
51710;9630;CJGY;AB
51840;9630;CJLS;NS
52514;9630;CKKO;BC
52689;9630;CKRA;AB
53507;9630;W242CX;KY
53511;9630;W242AZ;NY
53533;9630;K242AQ;AZ
53535;9630;K242BR;CA
53546;9630;K242CF;MN
53551;9630;K242BV;UT
53566;9630;W242BR;KY
53582;9630;K242DA;LA
53587;9630;W242AC;FL
53590;9630;K242AX;OR
53596;9630;W242CK;IL
53610;9630;K242AZ;AR
53616;9630;K242BE;NE
53629;9630;W242AR;MD
53632;9630;K242DD;OR
53652;9630;W242CL;VA
53654;9630;W242CW;FL
53670;9630;W242AD;MD
53682;9630;K242CU;NE
53692;9630;K242AA;OK
53701;9630;K242AS;AZ
53707;9630;K242AD;CA
53721;9630;W242CZ;WI
53724;9630;K242AK;KS
53731;9630;W242DA;AL
53734;9630;W242DB;MN
53747;9630;W242CB;SC
53763;9630;W242CP;AL
53779;9630;K242CV;IA
53798;9630;K242CZ;ND
53799;9630;W242CS;FL
53828;9630;W242AX;AL
53831;9630;K242BZ;AZ
53836;9630;K242CR;CA
53849;9630;W242CC;NC
53858;9630;K242AV;CO
53860;9630;W242AG;VT
53865;9630;W242BF;FL
53877;9630;K242AR;AZ
53880;9630;K242CS;CA
53881;9630;W242AB;NY
53886;9630;W242BE;GA
53892;9630;K242BJ;UT
53910;9630;W242CD;NC
53926;9630;W242CJ;GA
53948;9630;K242DC;MT
53960;9630;W242BY;PA
53969;9630;K242AJ;CO
53976;9630;W242AH;SC
53983;9630;W247BJ;NY
54024;9630;W242CQ;TN
54047;9630;W242CO;AL
54059;9630;K242BX;IA
54076;9630;W242CI;FL
54085;9630;K242DG;TX
54096;9630;K242CK;OK
54098;9630;W242CU;PA
54112;9630;K242BW;IA
54115;9630;K242BU;WY
54118;9630;K242CW;CA
54120;9630;K242AP;KS
54123;9630;K242DB;NM
54143;9630;W242BH;MI
54161;9630;W242AS;TN
54174;9630;K242AY;MN
54182;9630;W242DH;TN
54207;9630;K242CE;LA
54208;9630;W242AK;FL
54234;9630;K242CX;MT
54242;9630;W242BX;SC
54285;9630;W242CT;NY
54325;9630;W242AT;MA
54356;9630;K242AM;IA
54362;9630;K242CT;MO
54401;9630;K242DE;TX
54403;9630;K242BM;KS
54423;9630;K242AT;CA
54424;9630;K243BD;KS
54426;9630;K242CH;SD
54430;9630;W242BW;AL
54460;9630;W242BK;VT
54461;9630;K242BK;SD
54496;9630;W242CA;FL
54501;9630;K242BC;TX
54518;9630;W242CF;TN
54524;9630;K242BL;CO
54583;9630;W242DC;NY
54610;9630;W242CY;PA
54637;9630;W242DG;NC
4863;9650;KBDN;OR
5057;9650;KBKZ;NM
5315;9650;KBUX;AZ
5421;9650;KBYZ;ND
5451;9650;WMJJ;AL
5566;9650;WAKS;OH
6090;9650;KCYS;OR
6100;9650;KJAQ;WA
6139;9650;KDAP;AZ
6302;9650;KDGW;OR
6644;9650;KDUA;AR
6787;9650;KDZN;MT
6866;9650;KECO;OK
7199;9650;KEPJ;TX
7780;9650;KFLS;CA
8078;9650;KFXE;TX
9163;9650;KHMX;TX
9326;9650;KHTE;AR
9778;9650;KIKO;AZ
10217;9650;KJBL;CO
10409;9650;KJIV;OR
10424;9650;KJJK;MN
11082;9650;KKIS;AK
11206;9650;KKNM;TX
11348;9650;KKSY;IA
11584;9650;KLCA;CA
11620;9650;KLDK;NM
11707;9650;KLGT;WY
11763;9650;KLIX;ID
11830;9650;KLLM;WY
11844;9650;KLMA;NM
12032;9650;KLTG;TX
13349;9650;KNRX;TX
13458;9650;KNWC;SD
13787;9650;KOIT;CA
14214;9650;KOZE;ID
14351;9650;KPEL;LA
14454;9650;KPIK;OR
14715;9650;KPSL;CA
15143;9650;KQIX;AR
15402;9650;KQSW;WY
15609;9650;KRAV;OK
15639;9650;KRBZ;MO
15684;9650;KMMY;OK
15752;9650;KRGI;NE
16200;9650;K243BJ;OK
16640;9650;KSOM;IA
16653;9650;KSOZ;MO
16676;9650;KSPW;MO
17662;9650;KUBU;CA
18369;9650;KVCZ;TX
18560;9650;KVKI;LA
19550;9650;KWWK;MN
20044;9650;KXPK;CO
20942;9650;KYXY;CA
20996;9650;KZAA;CA
21650;9650;KZZE;SD
21845;9650;XHDNG;DG
22141;9650;WASB;WI
22346;9650;WAZY;IN
22385;9650;WBBL;MS
22484;9650;WBFG;TN
22532;9650;WBHC;MI
22631;9650;WBKX;NY
23341;9650;WCMF;NY
23524;9650;WCTG;MD
24067;9650;WDOD;TN
24836;9650;W243BG;MA
24936;9650;W243DE;NH
25339;9650;WFLB;NC
25556;9650;WFTK;OH
25615;9650;WFVR;VT
26379;9650;WGZB;IN
26561;9650;W243BR;PA
26802;9650;WHPI;IL
27254;9650;WIGS;TN
27257;9650;WIGV;RI
27263;9650;WIHB;GA
27409;9650;WIMR;FL
27819;9650;WJCL;GA
28260;9650;WJTK;FL
28519;9650;WKDJ;MS
28641;9650;WKIB;IL
28725;9650;WKLH;WI
29060;9650;WKYE;PA
29554;9650;WLRE;SC
29639;9650;WLUL;NC
29685;9650;WLWF;IL
30081;9650;WMLL;NH
30343;9650;W243AB;NY
30356;9650;WMWA;NY
31055;9650;WNWX;WI
31263;9650;WOEX;FL
31745;9650;WOXL;NC
31871;9650;WIHB;GA
31927;9650;WPEL;PA
32198;9650;WPOW;FL
32677;9650;WQHH;MI
33604;9650;WRQY;WV
33765;9650;WRXD;PR
34143;9650;WSLR;FL
34217;9650;W243CU;KY
34533;9650;W243DJ;VA
34594;9650;WTDA;NC
34618;9650;WTDY;PA
34678;9650;WTGG;LA
34726;9650;WTIC;CT
36227;9650;WMWA;NY
36520;9650;WVZC;OH
37274;9650;WXCC;WV
37403;9650;WBBL;MS
38460;9650;WYVS;NY
38928;9650;WZNS;FL
38959;9650;WZOX;MI
39291;9650;XHMSN;NL
39327;9650;KKSY;IA
41453;9650;KAJD;LA
41526;9650;KGDQ;TX
41561;9650;K243CM;MT
42171;9650;KSLV;CO
42805;9650;WKLH;WI
42808;9650;WKLK;MN
42815;9650;WKLR;VA
44847;9650;KLTG;TX
44849;9650;KMMY;OK
44865;9650;KSOM;IA
45570;9650;CBC1; ?
45571;9650;CBC2; ?
45572;9650;CBCF1; ?
45573;9650;CBCF2; ?
49948;9650;CFTX;QC
50267;9650;CHFR;BC
50494;9650;CHOA;QC
51234;9650;CIPI;SK
51455;9650;CIXN;NB
51683;9650;CJFY;NB
51936;9650;CJPG;MB
52050;9650;CJTL;ON
52250;9650;CKAV;NU
52536;9650;CKLJ;AB
52567;9650;CKMN;QC
52705;9650;CKRQ;QC
52782;9650;CKUL;NS
53508;9650;K243CP;CO
53527;9650;K243CF;CA
53547;9650;K243CC;AZ
53560;9650;W243CH;KY
53564;9650;K243BN;AZ
53568;9650;W243EI;NY
53576;9650;K243CG;WA
53583;9650;W243DF;IL
53585;9650;W243DS;PA
53593;9650;W243BD;MI
53594;9650;K243BS;CA
53595;9650;K243CD;WA
53601;9650;W243CS;AL
53616;9650;K243BX;WA
53640;9650;K243CH;CA
53643;9650;W243BT;VA
53653;9650;W243AW;FL
53659;9650;K243CR;AR
53663;9650;K243BM;ID
53676;9650;W243BG;MA
53687;9650;W243ET;PR
53693;9650;W243BM;FL
53728;9650;W243CU;KY
53758;9650;W243BZ;NY
53833;9650;K243AG;UT
53838;9650;W243AJ;IN
53841;9650;W243DA;NC
53853;9650;W243DV;NC
53878;9650;W243DK;NC
53898;9650;K243CO;IA
53924;9650;K243AP;CO
53925;9650;W243EG;FL
53937;9650;K243CW;OR
53947;9650;W243EL;VT
53966;9650;K243BT;CA
53973;9650;K243CL;CA
53982;9650;K243BQ;CA
54006;9650;W243DC;MA
54014;9650;K243CS;GU
54015;9650;K243CT;CA
54019;9650;W243AI;RI
54029;9650;K243BJ;OK
54030;9650;K243AO;NM
54039;9650;W243DJ;VA
54045;9650;K243CQ;MN
54049;9650;W243EQ;LA
54051;9650;K243CU;TX
54085;9650;W243BY;NC
54091;9650;W243EB;PA
54103;9650;K243CJ;ID
54104;9650;W243DP;OH
54109;9650;K243CV;TX
54116;9650;W243DQ;GA
54118;9650;K243AM;CO
54128;9650;W243CE;GA
54134;9650;K243BC;CA
54138;9650;W243AD;MI
54140;9650;W243EA;MI
54147;9650;W243AB;NY
54153;9650;K243CM;MT
54158;9650;W243CL;IN
54170;9650;K243CK;OR
54182;9650;K243BI;TX
54189;9650;W230DA;WI
54204;9650;W243EK;VA
54212;9650;W243AF;VA
54214;9650;W243AM;IL
54227;9650;W243CQ;MI
54258;9650;K243CI;CO
54278;9650;W243AT;VT
54279;9650;W243CA;WV
54282;9650;W243DG;KY
54285;9650;W243ED;WI
54294;9650;W243DN;IL
54317;9650;K243CN;CO
54324;9650;K243BH;NM
54325;9650;K243BO;TX
54341;9650;W243DT;VT
54345;9650;W243EN;MI
54346;9650;K243AK;CA
54348;9650;W243DE;NH
54352;9650;W243DO;FL
54356;9650;W243BR;PA
54362;9650;W243DZ;MS
54377;9650;W243BW;PA
54379;9650;W243EM;NY
54387;9650;K243BY;HI
54390;9650;W243DY;NY
54398;9650;K243AH;AK
54410;9650;W243DX;NY
54426;9650;W243AE;VT
54441;9650;W243DR;WV
54452;9650;W243DH;NC
54457;9650;W243AV;IL
54462;9650;W243BS;VA
54472;9650;K243CE;TX
54477;9650;K243AF;OR
54499;9650;K243AA;OR
54500;9650;W243EH;VA
54504;9650;W243CM;WI
54509;9650;W243CY;AL
54540;9650;W243EC;NC
54545;9650;W243DU;SC
54586;9650;W243EF;SC
54688;9650;W243EE;GA
54746;9650;W243ES;NY
54781;9650;W243EP;AL
1;9670;XHPCPQ;QR
4295;9670;KAHR;MO
4407;9670;KALZ;CA
4474;9670;KMRQ;CA
4851;9670;KBDB;WA
4870;9670;KHFI;TX
4887;9670;KBEL;OK
5050;9670;WLTY;SC
5459;9670;KCAL;CA
5506;9670;KCCG;TX
5667;9670;KCIL;LA
5776;9670;KCMQ;MO
5895;9670;KCRF;OR
5902;9670;KCRM;IA
6206;9670;KDDE;ID
6346;9670;WQSO;NH
6494;9670;KDOG;MN
6636;9670;WBZW;GA
8164;9670;WBZW;GA
8167;9670;KGAP;CA
9059;9670;KHIX;NV
9201;9670;K244FO;MO
9569;9670;KICN;OR
9714;9670;KIIC;IA
9985;9670;KISN;MT
10206;9670;KJBA;AK
10924;9670;KKCQ;MN
10983;9670;KKEX;ID
11341;9670;KZRV;MN
11783;9670;KLJR;CA
12146;9670;KLXQ;AR
12311;9670;KMDZ;NM
12608;9670;KMPK;KS
12969;9670;KNDH;CO
13197;9670;KNMB;NM
13249;9670;KNOB;CA
13416;9670;KNUM;OR
13837;9670;KOKR;AR
14188;9670;KOYE;TX
15587;9670;KQZZ;ND
15600;9670;KRAM;MN
15664;9670;KRCY;AZ
15936;9670;KRNK;WY
16909;9670;KSYV;CA
17002;9670;KTCK;TX
17664;9670;XHBY;VE
17954;9670;KUNA;CA
18123;9670;KUTN;UT
18153;9670;KNDH;CO
19031;9670;KWCL;LA
19201;9670;KWIZ;CA
19303;9670;KWMX;AZ
19410;9670;KWRA;TX
19562;9670;KWWW;WA
20031;9670;KXOX;TX
20089;9670;KXRD;AR
21011;9670;KZAP;CA
21217;9670;KZIN;MT
21459;9670;KZRV;MN
21653;9670;KZZH;CA
21969;9670;W244EA;NY
22031;9670;WANV;KY
22136;9670;WARW;NY
22436;9670;WBDK;WI
22624;9670;WBKQ;IN
22764;9670;WBQA;ME
22902;9670;WBVI;OH
22911;9670;WBVR;KY
22921;9670;WBWB;IN
23136;9670;WCEI;MD
23246;9670;WCIO;NY
23294;9670;WCKK;MS
23345;9670;WCMJ;OH
23392;9670;WCOE;IN
23405;9670;WCOR;NY
23504;9670;WCSM;OH
23588;9670;WCVS;IL
23636;9670;WCXO;IL
23989;9670;WDLD;MD
25187;9670;WFFF;MS
25375;9670;WFML;IN
25765;9670;WGBL;MS
26089;9670;WGNX;IL
26113;9670;WGOV;GA
26914;9670;WHTQ;WI
27275;9670;WIHN;IL
27997;9670;WJJH;WI
28094;9670;WJNA;SC
28308;9670;WJVG;OH
28599;9670;WKGL;IL
28738;9670;WRGZ;MI
29040;9670;WKXK;AL
29081;9670;W244CT;FL
29399;9670;WLLF;PA
29504;9670;W244AY;SC
29615;9670;WLTN;NH
29727;9670;WLXV;MI
29973;9670;WMHH;NY
30037;9670;WMJT;MI
30151;9670;WMOD;TN
30279;9670;WMTB;FL
30382;9670;WMXA;AL
30419;9670;WMYL;TN
30743;9670;WNKX;TN
30982;9670;WNUC;MI
31601;9670;WORX;IN
31980;9670;WPGM;PA
32263;9670;W244BS;MI
32323;9670;WMHH;NY
32609;9670;WQER;MD
33345;9670;WRGZ;MI
33953;9670;WSEJ;SC
33955;9670;WSEL;MS
34325;9670;WSSR;IL
34361;9670;WSUB;RI
34984;9670;WTSA;VT
35335;9670;WUFN;MI
35588;9670;WUPG;MI
36228;9670;WVNW;PA
36272;9670;WVPO;PA
36381;9670;WCOR;PA
36438;9670;WVVY;MA
37216;9670;WWZW;VA
37589;9670;WXOF;FL
37884;9670;WXZO;NY
37973;9670;W244EK;TN
38387;9670;WYSX;NY
38969;9670;WZPH;FL
41415;9670;KAHR;MO
41751;9670;KMDZ;NM
41966;9670;KMMG;WA
41998;9670;KSFE;NM
42051;9670;KSHF;NM
42367;9670;KYLB;TX
42374;9670;KYLI;NV
42738;9670;WERA;VA
42769;9670;WKJX;NC
42836;9670;WKMM;WV
42897;9670;WKOV;OH
42977;9670;WKRX;NC
43466;9670;WWUC;PA
44919;9670;W244DY;PA
45570;9670;CBC1; ?
45571;9670;CBC2; ?
45572;9670;CBCF1; ?
45573;9670;CBCF2; ?
49585;9670;CFGN;NL
49784;9670;CFNW;NL
50055;9670;CFXW;AB
50701;9670;CHVR;ON
50777;9670;CHYM;ON
50782;9670;CHYR;ON
50995;9670;CIGN;QC
51136;9670;CILT;MB
52141;9670;CJWV;ON
52547;9670;CKLU;ON
52932;9670;VOAR;NL
53514;9670;W244DF;IN
53519;9670;K244EX;NV
53520;9670;W244DW;FL
53521;9670;K244AO;UT
53524;9670;K244ES;WA
53529;9670;K244FE;MN
53536;9670;K244BB;UT
53559;9670;K244CU;AK
53561;9670;K244DV;CA
53562;9670;K244EI;AZ
53573;9670;K244DH;UT
53592;9670;W244EF;AL
53596;9670;W244BM;FL
53642;9670;W244BB;WV
53666;9670;W244DX;PA
53685;9670;W244BS;MI
53694;9670;K244FD;NM
53707;9670;K244CG;WY
53739;9670;K244FO;MO
53764;9670;K244FS;TX
53769;9670;K244AH;CA
53777;9670;W244DL;MI
53822;9670;W244DA;MD
53836;9670;W244BE;FL
53838;9670;K244FG;OR
53839;9670;K244FY;AZ
53847;9670;K244DC;UT
53855;9670;K244FW;OK
53857;9670;W244AY;SC
53867;9670;K244FA;IA
53869;9670;K244CE;NV
53884;9670;W244CT;FL
53902;9670;W244DV;OH
53919;9670;W244CW;TN
53920;9670;W244CL;GA
53933;9670;W244CZ;NY
53936;9670;K244AE;UT
53944;9670;W244BD;FL
53945;9670;K244DL;OR
53949;9670;K244FI;OK
53967;9670;K244CV;AZ
53972;9670;W244AV;VA
53977;9670;K244FX;LA
54021;9670;W244BY;TN
54027;9670;K244CR;UT
54030;9670;W244DN;IN
54036;9670;W244DH;NC
54037;9670;W244CH;PA
54044;9670;K244BJ;ID
54057;9670;W244DR;WI
54059;9670;W244BF;WV
54068;9670;K244EO;HI
54096;9670;W244EG;FL
54107;9670;K244AG;HI
54121;9670;W244BJ;FL
54124;9670;W244CP;VA
54125;9670;K244FR;CO
54150;9670;K244FL;KS
54167;9670;W244CB;WV
54168;9670;K244DD;UT
54175;9670;K244EL;KS
54195;9670;K244FJ;AR
54207;9670;K244FZ;TX
54225;9670;W244EI;GA
54275;9670;K244FC;TX
54276;9670;W244EB;VA
54301;9670;W244CR;GA
54315;9670;W244CF;MA
54344;9670;K244EN;UT
54349;9670;K244FQ;IA
54351;9670;K244EU;WY
54359;9670;W244EE;NJ
54361;9670;K244FM;WI
54425;9670;K244DP;WY
54432;9670;K244FN;WY
54459;9670;K244AM;CA
54469;9670;W244BQ;IL
54490;9670;K244EG;AK
54493;9670;W244CD;NC
54511;9670;K244CO;CO
54513;9670;K244EV;WA
54527;9670;K244FF;NM
54531;9670;W244EO;MI
54565;9670;W244EK;TN
54627;9670;W244EN;MI
54631;9670;W244EC;NY
54634;9670;W244DY;PA
54647;9670;W244EM;NC
54725;9670;W244ED;MS
54729;9670;W244EA;NY
54753;9670;W244DU;NJ
62976;9670;WBQA;ME
19;9690;XHUL;YU
4629;9690;KMXP;AZ
4841;9690;KBCR;CO
5524;9690;KCCY;CO
5927;9690;WKKT;NC
6130;9690;KDAG;NM
6424;9690;KDLO;SD
6845;9690;KEBT;CA
7209;9690;KEPT;CA
7454;9690;KEZE;WA
7707;9690;KFIX;KS
7801;9690;KFMN;HI
8544;9690;KGPC;CA
8865;9690;KHBL;MO
8923;9690;KHDR;CA
9520;9690;KIAQ;IA
11023;9690;KKGL;ID
11242;9690;KKOW;KS
12272;9690;KMCM;TX
12653;9690;KMRD;NM
12715;9690;KMTN;WY
13661;9690;KODX;WA
14628;9690;KPPC;TX
14741;9690;KPTL;CA
14963;9690;KQBZ;TX
15016;9690;KQEA;CA
15017;9690;KQEB;CA
15268;9690;KQNS;HI
15277;9690;KQOB;OK
15312;9690;KQPK;NE
15355;9690;KQRB;KS
15375;9690;KQRV;MT
15640;9690;K245CX;MN
15958;9690;KROG;OR
16279;9690;KSAP;TX
16329;9690;KSCN;TX
16374;9690;KSEG;CA
16754;9690;KSSW;AR
17054;9690;K245CQ;TX
18013;9690;KUPH;MO
18625;9690;KVMV;TX
18989;9690;KWAV;CA
19271;9690;KWLR;AR
19612;9690;KWYU;TX
19679;9690;KXBJ;TX
20130;9690;KXSS;TX
20147;9690;KXTJ;TX
20335;9690;KYAP;CO
20366;9690;KYBU;CA
20780;9690;K245HN;ID
20790;9690;KYSC;AK
20958;9690;KYYO;WA
21032;9690;KZBK;MO
21160;9690;KZGI;WA
21279;9690;KZKX;NE
21333;9690;KZMZ;LA
21490;9690;KZTA;WA
22760;9690;WBPW;ME
22783;9690;WBQT;MA
22850;9690;WBTI;MI
23097;9690;K245CC;KS
23787;9690;WDDJ;KY
23951;9690;WDJR;AL
24570;9690;WEHN;NY
24571;9690;WEHN;NY
25061;9690;WFAJ;VA
25448;9690;WFPG;NJ
25616;9690;WFVS;GA
26006;9690;WGKS;KY
26065;9690;WKEZ;FL
26175;9690;WGRF;NY
26819;9690;WHPZ;IN
27045;9690;WHYR;LA
27428;9690;WINK;FL
27657;9690;WIWF;SC
27923;9690;WJGL;FL
28054;9690;WJLM;WI
28114;9690;WJNU;TN
28561;9690;WKEZ;FL
29121;9690;WLAN;PA
29129;9690;WLAV;MI
29553;9690;WLRD;OH
29730;9690;WLXY;AL
30052;9690;WMKI;IN
30731;9690;WNKL;OH
30921;9690;WNRT;PR
31673;9690;WOUR;NY
32120;9690;WPLW;NC
32259;9690;WPRF;CT
33256;9690;WRDO;GA
33607;9690;WRRB;NY
33616;9690;WRRK;PA
33622;9690;WRRQ;FL
33627;9690;WRRB;NY
33632;9690;WRSA;AL
34054;9690;WSIG;VA
34075;9690;WSJB;MI
34167;9690;WSMP;MS
34571;9690;WTCD;MS
34699;9690;WTHB;GA
34717;9690;W245AA;ME
34752;9690;WTJC;VI
34971;9690;W245CZ;PA
35251;9690;WUCH;TN
35259;9690;WUCH;TN
35392;9690;WUHS;OH
35481;9690;WULD;WI
35896;9690;WVBC;AL
36435;9690;WVVV;WV
36643;9690;WWDV;IL
36945;9690;WPLW;NC
37089;9690;WWUZ;VA
37130;9690;WWWO;FL
37139;9690;WWWX;WI
37262;9690;WXBQ;VA
37521;9690;WXLP;IL
37974;9690;WYDA;OH
38121;9690;WYIR;IN
38603;9690;WZBF;PA
41269;9690;KACB;TX
41725;9690;KGLH;MN
41802;9690;KMFY;MN
42812;9690;WKLO;IN
43391;9690;W245AY;FL
43412;9690;WWSA;WV
43447;9690;WWTJ;NY
43489;9690;WWUZ;VA
44943;9690;WWCM;MI
44969;9690;XEW;CD
45570;9690;CBC1; ?
45571;9690;CBC2; ?
45572;9690;CBCF1; ?
45573;9690;CBCF2; ?
49649;9690;CFIX;QC
50888;9690;CICP;MB
50972;9690;CIFR;MB
51315;9690;CISI;MB
51540;9690;CJAQ;AB
51547;9690;CJAX;BC
51852;9690;CJMD;QC
52158;9690;CJXL;NB
52420;9690;CKHC;ON
52616;9690;CKOI;QC
52685;9690;CKQX;MB
53531;9690;W245AU;AL
53534;9690;K245DF;AZ
53554;9690;K245AZ;IA
53559;9690;K245BQ;KS
53585;9690;K245CC;KS
53596;9690;K245BY;MN
53611;9690;W245CH;SC
53623;9690;W245AK;WI
53632;9690;K245BR;ID
53634;9690;W245BL;NY
53637;9690;W245CN;GA
53639;9690;W245BV;NY
53647;9690;K245BA;LA
53651;9690;K245CX;MN
53666;9690;K245BW;TX
53667;9690;W245BR;AL
53676;9690;K245BG;TX
53683;9690;W245BK;MA
53703;9690;K266CJ;WA
53716;9690;W245CA;IN
53742;9690;W245CY;OH
53744;9690;W245BC;FL
53746;9690;W245AZ;FL
53785;9690;W245CU;VA
53790;9690;K245CM;CO
53832;9690;W245BB;VA
53833;9690;W245BG;VA
53842;9690;W245AY;FL
53849;9690;K245BV;NV
53855;9690;W245AR;TN
53895;9690;W245DK;CT
53926;9690;K245CO;IA
53947;9690;W245AN;GA
53954;9690;K245CH;ID
53971;9690;K245BU;CO
53978;9690;K245AM;IA
53990;9690;W245BA;NY
53997;9690;W245CS;AL
53998;9690;K245CA;MO
54002;9690;W255CR;NC
54003;9690;K245AP;MT
54018;9690;K245CU;MN
54040;9690;W245DF;FL
54043;9690;W245CE;IL
54050;9690;K245BF;UT
54063;9690;W245CC;NJ
54077;9690;W245CK;VA
54080;9690;K245BN;KS
54092;9690;W245AC;NJ
54095;9690;K245CP;CA
54105;9690;K245AI;CA
54113;9690;K245DB;AK
54121;9690;K245BD;SD
54132;9690;W245CP;KY
54134;9690;K245DA;SD
54154;9690;W245BT;GA
54162;9690;W245AS;KY
54175;9690;W245AF;NH
54179;9690;K245CY;OK
54184;9690;W245AA;ME
54195;9690;W245CJ;DE
54204;9690;K245CD;NM
54210;9690;K245AA;OR
54221;9690;W245AJ;OH
54222;9690;W245BF;FL
54236;9690;W245CQ;ME
54245;9690;W245DB;PA
54252;9690;W245CT;WI
54260;9690;W245DO;FL
54264;9690;K245BZ;OK
54275;9690;K245CT;AZ
54279;9690;K245CK;NE
54280;9690;K245BJ;AR
54285;9690;W245CO;IN
54289;9690;K245CQ;TX
54292;9690;W245BS;WI
54302;9690;W245CZ;PA
54303;9690;K245CS;CA
54306;9690;K245DK;CA
54308;9690;W245DE;WI
54309;9690;W245DM;MS
54328;9690;K245BO;MO
54331;9690;W245DI;NY
54335;9690;W245CV;IL
54336;9690;W245AH;MS
54349;9690;K245AW;AZ
54366;9690;W245AG;PA
54373;9690;K245DC;NV
54410;9690;K245CL;CA
54421;9690;W245CB;FL
54430;9690;K245BL;CA
54449;9690;W245CL;FL
54464;9690;W245AW;GA
54487;9690;W245DG;GA
54491;9690;W245DA;NY
54492;9690;K245BH;WY
54500;9690;K245DI;OR
54503;9690;K245AF;OR
54507;9690;K245AD;CO
54508;9690;K245DD;CA
54543;9690;K245DJ;CA
54555;9690;W245DZ;TN
54569;9690;W245DN;GA
54659;9690;W245DP;IL
54708;9690;W245DQ;WI
54716;9690;K245CW;AR
54752;9690;K245HN;ID
54775;9690;W262CE;NC
61443;9690;W245BK;MA
4400;9710;KALS;MT
4411;9710;KAMD;AR
4688;9710;KAWU;TX
4729;9710;KTCZ;MN
4736;9710;KAYQ;MO
4741;9710;KAYV;CO
4813;9710;KZHT;UT
4840;9710;KBCQ;NM
4859;9710;KBDJ;IA
5137;9710;KBOB;KS
5276;9710;KBTK;AZ
5645;9710;KCHP;CA
5763;9710;WASH;DC
5768;9710;KCMI;NE
5916;9710;KCSA;TX
6085;9710;KCYN;UT
6376;9710;WHRK;TN
6967;9710;KEGL;TX
7099;9710;KELN;NE
7980;9710;KFTK;MO
8638;9710;K246BD;TX
9368;9710;KHUU;AK
10511;9710;KJMT;AR
10899;9710;KKBR;MT
10973;9710;KKEN;OK
12085;9710;KLVH;TX
12894;9710;KNAK;AK
13457;9710;KNWB;HI
14203;9710;KOYT;CA
14370;9710;KPFE;TX
14707;9710;KPSD;SD
15527;9710;KKEN;OK
16096;9710;KRTO;CA
16384;9710;KSEQ;CA
17412;9710;KTSE;CA
17536;9710;KTWY;WY
17923;9710;KULV;CA
18749;9710;KVRP;TX
18849;9710;KVVL;MO
19711;9710;KXCP;CA
20053;9710;KXPT;NV
20109;9710;KXRX;WA
20331;9710;KYAL;OK
20379;9710;KYCH;OR
20382;9710;KYCK;MN
20967;9710;KYYX;ND
21039;9710;KZBR;CO
21368;9710;K246CJ;IA
22157;9710;W246DI;NH
22221;9710;WAVD;MD
22479;9710;WBFB;ME
22549;9710;WBHT;PA
22704;9710;WBNS;OH
22895;9710;WBVB;OH
23410;9710;WCOW;WI
23744;9710;WDBS;WV
24163;9710;WDRV;IL
24397;9710;W246DT;VT
25027;9710;WEZB;LA
25350;9710;CFLM;QC
25964;9710;WGJC;PA
26030;9710;WGLQ;MI
27442;9710;W246DN;CT
27689;9710;WIXL;WI
27929;9710;WJGR;AL
28083;9710;W246DH;TN
28188;9710;WJQQ;KY
28306;9710;WJVE;FL
28616;9710;WKHC;NC
29300;9710;WLHK;IN
29318;9710;WLIC;MD
29674;9710;WLVU;TN
30084;9710;WMLO;FL
30257;9710;WMSF;FL
31406;9710;WOKK;MS
31617;9710;WOSN;FL
31732;9710;WGJC;PA
31757;9710;WOXX;NH
31887;9710;WPCX;SC
32689;9710;WQHT;NY
33282;9710;WREO;OH
34247;9710;W246CC;CT
34303;9710;WSRV;GA
34373;9710;WSUN;FL
35008;9710;WTSY;MS
35163;9710;WTYX;FL
35658;9710;WURY;AL
36043;9710;WVGT;FL
36074;9710;WVHY;GA
36862;9710;WWMG;AL
37133;9710;WWWR;OH
37284;9710;WXCM;KY
37413;9710;W246AQ;NJ
37607;9710;WXOX;KY
37863;9710;WXYT;MI
38672;9710;XHNLO;TA
38757;9710;WZHD;NY
39033;9710;WZRT;VT
39263;9710;KNX;CA
41960;9710;KMMA;AZ
42193;9710;KSMR;MT
42685;9710;WEOZ;TN
43046;9710;WQMG;NC
44906;9710;WICE;NC
44964;9710;KSEQ;CA
45570;9710;CBC1; ?
45571;9710;CBC2; ?
45572;9710;CBCF1; ?
45573;9710;CBCF2; ?
49637;9710;CFIL;MB
49720;9710;CFLM;QC
50414;9710;CHLC;QC
50436;9710;CHLX;QC
50620;9710;CHLX;QC
50781;9710;CHYQ;ON
50993;9710;CIGL;ON
51246;9710;CIPU;NS
51335;9710;CITB;ON
51566;9710;CJBP;MB
51855;9710;CJMG;BC
52372;9710;CKFI;SK
52540;9710;CKLN;NL
52703;9710;CKRO;NB
53527;9710;W246DT;VT
53530;9710;K246CC;CO
53536;9710;W246AA;PA
53538;9710;K246BG;MN
53565;9710;W246DM;MA
53576;9710;K246CY;NM
53582;9710;W246BP;NH
53586;9710;W246AR;PA
53588;9710;W246DX;FL
53589;9710;W246AX;FL
53598;9710;W246BQ;GA
53613;9710;K246AX;AS
53631;9710;W246DF;GA
53647;9710;K246BC;OK
53648;9710;K246CB;TX
53654;9710;W246CO;IL
53687;9710;W246BL;IL
53723;9710;K246BA;MT
53730;9710;W246CR;VA
53732;9710;W246DP;IL
53783;9710;W246DW;IL
53784;9710;W246BN;FL
53804;9710;K246AH;CO
53814;9710;W246CN;PA
53826;9710;K246CL;CA
53830;9710;K246CD;AK
53834;9710;W246BJ;NY
53836;9710;W246AW;SC
53838;9710;W246AS;SC
53844;9710;W246DN;CT
53848;9710;W246BT;FL
53850;9710;W246AL;PA
53851;9710;K246CJ;IA
53872;9710;W246DS;NY
53887;9710;K246CO;AZ
53900;9710;W246AT;KY
53906;9710;W246DB;AL
53917;9710;W246BZ;VA
53924;9710;W246CC;CT
53965;9710;K246BP;NM
53968;9710;W246CS;PA
53971;9710;W246BX;SC
53993;9710;K274CD;MO
54029;9710;W246DH;TN
54031;9710;W246BW;MI
54033;9710;K246BD;TX
54034;9710;W246BD;IL
54039;9710;W246AU;MI
54045;9710;K246CU;ID
54046;9710;K246CI;WY
54071;9710;K246AN;CO
54072;9710;K246CW;MN
54073;9710;K246CT;AR
54082;9710;W246DD;VA
54145;9710;W246CJ;NC
54156;9710;K246CG;NM
54163;9710;W246CV;SC
54169;9710;K246BK;NV
54170;9710;W246CQ;OH
54209;9710;K246CR;TX
54257;9710;W246BI;DE
54296;9710;K246DB;MO
54328;9710;K246AM;ND
54354;9710;W246CW;MI
54358;9710;K246AE;AZ
54394;9710;W246AQ;NJ
54400;9710;K246CK;LA
54415;9710;W246DJ;AL
54445;9710;K246CA;MO
54446;9710;K246CZ;WY
54458;9710;K246BB;OR
54459;9710;K246CP;TX
54468;9710;W246BS;AL
54476;9710;K246BR;HI
54478;9710;W246CK;FL
54486;9710;K246BO;CA
54489;9710;W298CH;NY
54498;9710;W246DQ;NC
54517;9710;W246DI;NH
54529;9710;W246DL;WV
54544;9710;K246DC;ID
54567;9710;K246CX;UT
54649;9710;W246DR;NC
54666;9710;W246DY;WI
54713;9710;W246DV;IN
54726;9710;W246DU;IL
4419;9730;KAML;WY
4438;9730;WKWK;WV
4586;9730;KAJA;TX
4838;9730;KBCO;CO
4852;9730;WRNW;WI
4963;9730;KBHJ;CA
5059;9730;WRVV;PA
5413;9730;WAEV;GA
5770;9730;KCMK;TX
6250;9730;KDEW;AR
6484;9730;KDNW;MN
6487;9730;KDNZ;TX
6806;9730;KEAG;AK
6831;9730;KEBF;CA
7212;9730;KEPW;OR
7805;9730;KFMR;AZ
8611;9730;KGRR;IA
8916;9730;KHDK;IA
8943;9730;KHEL;AR
9096;9730;KHKI;IA
9960;9730;KIRO;WA
10195;9730;KJAP;TX
10199;9730;KJAT;AR
10498;9730;KJMG;LA
10710;9730;KJUK;TX
11106;9730;KKJQ;KS
11200;9730;KKNG;OK
11300;9730;KKRC;SD
11316;9730;KKRS;WA
11342;9730;KKSS;NM
11588;9730;KLCE;ID
11820;9730;KLLC;CA
11997;9730;KLRX;MO
12297;9730;KMDL;LA
12952;9730;KNCQ;CA
12995;9730;KNEH;MT
13598;9730;KOBM;NE
13848;9730;KOLC;NV
14720;9730;KPSQ;AR
14780;9730;KPUY;TX
15107;9730;KQHN;TX
15381;9730;KQSB;TX
15768;9730;KRGY;NE
15832;9730;KRJK;CA
15855;9730;KRKH;HI
16158;9730;KRVY;MN
17004;9730;KTCM;MO
17284;9730;KTNG;OK
17454;9730;KTTU;TX
19111;9730;KWFN;CA
20182;9730;KXUS;MO
20234;9730;KXWS;CA
20785;9730;KYRX;MO
22197;9730;WAUF;AL
22558;9730;WBIC;NC
22799;9730;WBRJ;LA
23204;9730;WCGY;NH
23748;9730;WDBW;FL
24936;9730;W247AO;NH
25340;9730;WFLC;FL
25376;9730;WFMM;MS
25377;9730;WFMN;MS
25693;9730;WFYR;IL
25855;9730;WGEX;GA
26277;9730;WGVD;IL
26429;9730;WMYY;NY
26488;9730;WHDG;WI
26566;9730;W247CH;TN
26619;9730;WHIH;NY
26816;9730;WHPW;ME
26848;9730;WHRC;WI
27889;9730;WJFD;MA
28237;9730;WJSN;KY
28330;9730;WJWC;MI
28410;9730;WJZE;OH
28460;9730;WKBC;NC
29034;9730;WKXE;MA
29045;9730;WZAD;NY
29519;9730;WLPV;MA
29892;9730;WMEE;IN
29923;9730;WMFJ;GA
30032;9730;WMJO;MI
30145;9730;WMNX;NC
30432;9730;WMYY;NY
31764;9730;WOYE;PR
31875;9730;WPCL;PA
32436;9730;WPYA;AL
32619;9730;WQFB;FL
33177;9730;WRAN;IL
33389;9730;WRIR;VA
33695;9730;WRUL;IL
34124;9730;WSKY;FL
34426;9730;WSWO;OH
34875;9730;WTNV;TN
35728;9730;WUUQ;TN
35746;9730;WUVI;VI
36598;9730;WWCC;IN
37419;9730;WXHR;MI
38076;9730;WYGY;KY
38505;9730;WYXL;NY
38575;9730;WZAD;NY
38604;9730;WZBG;CT
39143;9730;WZVZ;SC
39322;9730;WGH;VA
39333;9730;XHSR;NL
41737;9730;KMDL;LA
41760;9730;KMEI;ID
42063;9730;KSHR;OR
42643;9730;WENJ;NJ
42655;9730;WENV;TN
42762;9730;WKJQ;TN
42994;9730;WKSO;MS
44893;9730;WDEE;MI
44911;9730;WJZK;FL
45570;9730;CBC1; ?
45571;9730;CBC2; ?
45572;9730;CBCF1; ?
45573;9730;CBCF2; ?
49668;9730;CFJO;QC
50153;9730;CHBM;ON
50277;9730;CHGA;QC
50706;9730;CHWV;NB
50732;9730;CHWV;NB
50912;9730;CIDM;MB
51243;9730;CIPR;ON
51290;9730;CIRK;AB
51586;9730;CJCI;BC
51997;9730;CJRM;NL
52544;9730;CKLR;BC
52780;9730;CKUJ;QC
53539;9730;K247CS;TX
53547;9730;W247CT;KY
53562;9730;W247AO;NH
53619;9730;W247AT;AL
53621;9730;W247BO;WV
53638;9730;W247DN;IN
53639;9730;W247AY;IN
53645;9730;W247AS;WI
53649;9730;K247AW;ID
53700;9730;W247DK;ME
53702;9730;W247CJ;GA
53705;9730;W247BG;NC
53709;9730;K247BW;IA
53722;9730;W247BW;GA
53726;9730;W247BL;OH
53752;9730;K247BD;UT
53753;9730;K247CN;CA
36272;9730;W247AE;PA
53773;9730;W247AM;MI
53774;9730;K247BC;WY
53792;9730;W247CQ;VA
53817;9730;W247BB;NY
53840;9730;W247DR;OH
53841;9730;W247CF;FL
53849;9730;W247AK;FL
53866;9730;K247CG;UT
53906;9730;W247AD;VA
53914;9730;W247DM;KY
53922;9730;K247CR;OR
53928;9730;K247CH;WA
53938;9730;W247CE;NC
53963;9730;W247CV;NC
53980;9730;K247BH;AZ
53986;9730;K247AP;CO
53993;9730;W247BV;NC
54017;9730;K247CW;TX
54020;9730;K247CL;CA
54043;9730;W247CW;NY
54109;9730;W247AB;SC
54151;9730;K247CO;OK
54152;9730;W247DL;MA
54156;9730;K247AQ;OR
54158;9730;W247AL;FL
54179;9730;K247CF;AZ
54199;9730;W247BM;NY
54216;9730;K247AD;CO
54219;9730;W247BA;MS
54225;9730;K247BJ;LA
54234;9730;W247CR;FL
54252;9730;K247AU;CO
54267;9730;K247BK;CO
54287;9730;W247BS;NC
54289;9730;W247BZ;WV
54308;9730;K247AG;UT
54318;9730;W247CU;MI
54341;9730;W247BX;WI
54348;9730;W247AF;FL
54356;9730;K264CN;TX
54377;9730;W247CI;WI
54381;9730;K247CU;MN
54398;9730;K247CJ;IA
54414;9730;W247DC;VA
54438;9730;K247CQ;AR
54446;9730;K247AZ;TX
54449;9730;K247BL;CA
54450;9730;K247BG;TX
54475;9730;W247CY;WI
54476;9730;W247BR;SC
54499;9730;W247CH;TN
54521;9730;K247BA;OK
54526;9730;K247BP;CO
54581;9730;W247DF;PA
54593;9730;W247DH;NC
54638;9730;W247DE;CT
54728;9730;W247CZ;IN
54737;9730;W247CP;IL
54777;9730;K247CV;AK
4383;9750;KMOD;OK
5110;9750;KBNA;TX
5338;9750;KBVU;IA
5584;9750;WALK;NY
5625;9750;WAMZ;KY
6080;9750;KCYI;OK
6157;9750;KDBH;LA
6232;9750;KDEE;CA
6394;9750;KDKK;MN
6434;9750;KDLY;WY
6444;9750;KDMI;TX
7022;9750;WCOS;SC
7197;9750;KWTX;TX
7409;9750;KEXL;NE
7663;9750;K248CY;KS
7816;9750;KFNC;TX
7993;9750;KFTX;TX
8892;9750;KHCM;HI
9304;9750;KHSI;MT
9354;9750;KHUG;CA
9589;9750;KIDH;ID
10121;9750;WLLX;TN
10242;9750;KJCK;KS
10506;9750;KJMO;MO
10927;9750;KKCT;ND
11242;9750;K248DR;MO
11542;9750;KLAK;TX
11867;9750;KLMX;NM
11966;9750;KLQS;CA
12001;9750;KLSB;CA
12180;9750;KLYY;CA
12416;9750;XHCAN;QR
12754;9750;KMVA;AZ
12975;9750;KNDN;NM
13187;9750;KNLR;OR
13210;9750;KNMO;MO
13499;9750;KNXR;MN
13664;9750;KOEA;MO
13868;9750;KOLW;WA
14059;9750;KOTF;ID
14211;9750;KOZB;MT
14644;9750;KPPS;MN
15390;9750;KQSK;NE
15450;9750;KQUS;AR
15686;9750;XHHP;TA
16729;9750;KSRX;CO
16931;9750;KSZR;AZ
16967;9750;KTBB;TX
17199;9750;KTJZ;LA
17401;9750;KTRT;WA
18402;9750;KVEG;NV
18419;9750;KVEX;MN
18983;9750;KWAP;MO
19513;9750;KWUZ;CO
20255;9750;KXXN;TX
20321;9750;KYAB;TX
20793;9750;KYSF;OR
21177;9750;KZGZ;GU
21287;9750;KZLF;OK
21352;9750;KZNS;UT
21701;9750;WABD;AL
21836;9750;WAGI;IL
22374;9750;WBBA;IL
22924;9750;WBWE;PA
23091;9750;W248DD;SC
23785;9750;WDDH;PA
23913;9750;WDIF;OH
23995;9750;WDLJ;IL
25079;9750;WFBB;FL
25249;9750;WFHP;ME
25404;9750;K248BB;LA
25518;9750;WFRY;NY
26429;9750;WHAZ;NY
26699;9750;WHLJ;GA
26734;9750;WHMS;IL
26737;9750;WHMV;NY
26998;9750;W248DK;PA
27445;9750;WIOB;PR
27973;9750;WJIM;MI
27976;9750;WJIM;MI
28355;9750;WJXB;TN
28532;9750;WKDW;FL
28588;9750;WKGA;AL
28737;9750;WKLT;MI
28945;9750;WKTT;MD
29130;9750;WLAW;MI
29283;9750;WLGT;NC
29417;9750;WLLX;TN
29607;9750;WLTF;WV
30589;9750;W248CR;CT
30904;9750;WNRC;MA
31175;9750;WOBN;OH
31412;9750;WOKQ;NH
31478;9750;WONE;OH
31855;9750;W248CK;FL
31885;9750;WPCV;FL
31929;9750;WPEN;NJ
32518;9750;WQBE;WV
33382;9750;W248CP;KY
33595;9750;WRQP;SC
33633;9750;W248BH;NY
33642;9750;WRSK;NJ
34532;9750;WTAQ;WI
34545;9750;WTBD;NY
34689;9750;WTGR;OH
34867;9750;WTNN;VT
34995;9750;W248DA;NH
35327;9750;WUFF;GA
35467;9750;WUMJ;GA
35513;9750;WUMJ;GA
36226;9750;WVNU;OH
36331;9750;WVRV;AL
37137;9750;WWWV;VA
38415;9750;WYTZ;MI
38749;9750;W248CO;NC
38946;9750;WZOK;IL
39237;9750;WZZP;KY
41265;9750;KABX;CA
41277;9750;KACJ;IA
41439;9750;K248CE;IA
41703;9750;KGKL;TX
42057;9750;KSHL;OR
42400;9750;KYMI;MT
42817;9750;WKLT;MI
42979;9750;W248BP;PA
42996;9750;WQSK;ME
43102;9750;WQOK;NC
43206;9750;WQSK;ME
43274;9750;WWMS;MS
45570;9750;CBC1; ?
45571;9750;CBC2; ?
45572;9750;CBCF1; ?
45573;9750;CBCF2; ?
49557;9750;CFFM;BC
49763;9750;CFNB;BC
50040;9750;CFXH;AB
50181;9750;VOCM;NL
50517;9750;CHOX;QC
50593;9750;CHRS;SK
51203;9750;CIOE;NS
51265;9750;CIQM;ON
51465;9750;CIXW;NT
51812;9750;CJKR;MB
52710;9750;CKRV;BC
52819;9750;CKVV;ON
53506;9750;K248AT;CA
53513;9750;W248BK;TN
53560;9750;W248BF;WV
53614;9750;K248CE;IA
53641;9750;K248CX;NE
53647;9750;K248DJ;MT
53676;9750;K248BS;OR
53678;9750;K248BZ;ID
53693;9750;K248BE;ID
53700;9750;W248AR;PA
53704;9750;K248BL;MT
53711;9750;K248AI;AK
53720;9750;K248BY;TX
53725;9750;K248DQ;AK
53743;9750;K248BP;MO
53747;9750;W248CZ;CT
53752;9750;K248DG;OR
53765;9750;W248AP;IN
53767;9750;K248CO;AZ
53772;9750;W248CE;AL
53779;9750;W248AF;IN
53789;9750;W248CA;FL
53801;9750;W248BU;MI
53812;9750;W248BQ;TN
53839;9750;K248BX;CA
53840;9750;W248CU;MN
53843;9750;K248AF;CO
53860;9750;K248CY;KS
53868;9750;W248BH;NY
53889;9750;W248AX;NY
53894;9750;W248DE;WI
53902;9750;K248CB;NM
53925;9750;W248AT;NY
53938;9750;W248BC;NY
53948;9750;K248DM;AR
54035;9750;W248BS;NC
54048;9750;W248CX;TN
54050;9750;W248CT;FL
54079;9750;W248AO;MD
54090;9750;W248BB;IL
54094;9750;W248AH;GA
54102;9750;K248AJ;UT
54155;9750;K248AM;TX
54156;9750;K248AE;CO
54164;9750;W248CP;KY
54205;9750;K248DI;SD
54209;9750;W248BL;NY
54218;9750;W248DC;NC
54224;9750;K248CV;NM
54248;9750;K248BJ;AZ
54250;9750;K248CR;MT
54253;9750;W248CM;NC
54257;9750;K248DH;MN
54260;9750;W248CB;ME
54270;9750;K248BT;SD
54277;9750;W248CY;MS
54283;9750;K248CN;WA
54304;9750;K248BC;TX
54305;9750;W248BP;PA
54306;9750;K248AP;CO
54312;9750;K248AS;CO
54315;9750;W248BT;OH
54333;9750;W248BM;TN
54353;9750;K248AR;TX
54356;9750;W248DD;SC
54357;9750;K248BB;LA
54358;9750;K248DD;OR
54361;9750;W248BN;VA
54371;9750;K248DK;AK
54376;9750;W248CG;NY
54380;9750;W248CO;NC
54391;9750;W248CK;FL
54393;9750;W248AW;IN
54421;9750;K248DE;TX
54422;9750;K248BR;CA
54431;9750;K248CZ;WY
54442;9750;K248DA;AR
54445;9750;K248CS;TX
54446;9750;W248BG;NY
54456;9750;K248CU;TX
54473;9750;W248BO;AL
54477;9750;W248DA;NH
54485;9750;W248AS;MN
54514;9750;W248CF;KY
54519;9750;K248CL;NM
54522;9750;W248CR;CT
54560;9750;W248DK;PA
54582;9750;W248CL;MS
54590;9750;W248DJ;PA
54644;9750;W248CW;NC
54650;9750;W248DL;GA
54739;9750;W248DB;WV
54740;9750;W248DG;NC
54760;9750;K248DS;TX
161;9770;WEXT;NY
4097;9770;XHWO;QR
4392;9770;KALK;TX
4487;9770;KAPB;LA
4613;9770;KATX;TX
4821;9770;KBBX;NE
5507;9770;KCCH;MT
5799;9770;KCNN;AZ
5907;9770;KCRR;IA
6072;9770;KCYA;WY
6080;9770;K249FG;OK
6087;9770;KCYP;TX
6412;9770;KDLC;LA
7217;9770;KEQB;OR
7244;9770;XERC;CD
7633;9770;KFGB;KS
7957;9770;WZRM;MA
8450;9770;KGLM;MT
8873;9770;KHBT;IA
9035;9770;KHHZ;CA
9036;9770;KHIA;TX
9048;9770;KHIM;OK
9280;9770;KHRK;OK
9565;9770;K249EJ;IA
9568;9770;KICM;OK
10509;9770;KJMR;WA
10542;9770;KJNY;CA
10660;9770;KJSM;AR
10952;9770;KKDS;CA
11439;9770;KKWL;OR
11705;9770;KLGR;MN
12092;9770;KLVO;NM
12726;9770;KMTY;NE
12911;9770;KNBB;LA
12935;9770;KNBZ;SD
13112;9770;KNIU;KS
13273;9770;KNOZ;CO
13469;9770;KNWN;WA
13551;9770;KNZR;CA
13724;9770;KOGI;CA
14066;9770;KOTM;IA
14371;9770;KPFF;NV
14540;9770;KPLS;CO
14622;9770;KPOW;MO
14956;9770;KQBS;MO
15220;9770;KQLW;MT
15238;9770;KQMO;MO
15342;9770;KQQO;NE
15472;9770;KQVO;CA
15650;9770;KRCK;CA
15764;9770;KRGU;OK
15810;9770;KRIO;TX
16171;9770;KRWL;OR
16189;9770;KRXD;AZ
16956;9770;KTAQ;ID
17338;9770;KTPI;CA
18755;9770;KVRV;CA
18976;9770;KWAI;CA
19189;9770;KWIN;CA
19316;9770;KWNK;NV
19507;9770;KWUT;UT
19891;9770;KXJN;WY
20801;9770;KYSN;WA
21013;9770;KZAR;TX
21028;9770;KZBG;ID
21637;9770;KZYR;CO
21734;9770;WAZK;MA
21813;9770;WAFL;DE
22092;9770;WAQE;WI
22118;9770;W249DP;MA
22228;9770;WAVK;FL
22332;9770;WAZK;MA
22417;9770;WBCR;MA
23230;9770;WCHY;MI
23238;9770;WCIG;NY
23272;9770;WCJO;OH
23328;9770;WCLS;IN
23513;9770;W249DA;TN
23542;9770;WCTY;CT
23642;9770;WCXU;ME
23697;9770;WCZX;NY
24454;9770;XEEW;TA
24502;9770;XHRW;TA
24993;9770;WEXT;NY
25141;9770;WFDL;WI
25897;9770;WGGN;OH
26031;9770;WGLR;WI
26059;9770;WGMT;VT
26119;9770;WGPB;GA
26230;9770;WGTI;NC
26527;9770;WHET;IL
26631;9770;W249DH;WI
26801;9770;WRYD;AL
27064;9770;WHZK;SC
27370;9770;WILE;OH
27881;9770;WJEV;VA
28038;9770;WGGN;OH
28287;9770;W249DB;GA
28484;9770;WKCA;KY
29042;9770;WKXM;AL
29213;9770;W249AA;PA
29229;9770;WLER;PA
29375;9770;WLKH;PA
29532;9770;WLQI;IN
29858;9770;WMCW;FL
29874;9770;WMDM;MD
29965;9770;WMGZ;GA
30086;9770;WMLQ;MI
30156;9770;WMOI;IL
30249;9770;WMRX;MI
30747;9770;WNLB;OH
30951;9770;WNSX;ME
31018;9770;WNVM;PR
31443;9770;WOLV;MI
31530;9770;W249CM;NJ
31758;9770;WOXY;OH
32568;9770;WQDC;WI
32799;9770;WQLZ;IL
33199;9770;WRBJ;MS
33273;9770;WREF;KY
33374;9770;WRIC;VA
33791;9770;WRYD;AL
34186;9770;WSNI;NH
34320;9770;WYXX;IN
34350;9770;WSTQ;IL
34584;9770;WTCQ;GA
34685;9770;WTGN;OH
34686;9770;WTGO;IN
34693;9770;WTGV;MI
34802;9770;W249BC;NY
34818;9770;WTLQ;FL
35034;9770;WTTY;GA
35149;9770;WTYJ;MS
35151;9770;WTYL;MS
35895;9770;WVBB;VA
35940;9770;WVCU;WV
36329;9770;WVRT;PA
37154;9770;WWXM;SC
38139;9770;WYJJ;TN
38517;9770;WYXX;IN
38543;9770;WYYX;FL
38851;9770;WZKT;NC
39026;9770;WZRM;MA
39235;9770;WZZN;AL
41587;9770;KGFZ;TX
41951;9770;KMLR;TX
42217;9770;KSNP;KS
42789;9770;WKKR;AL
42987;9770;WKSH;LA
43039;9770;WQLZ;IL
43310;9770;WWOC;OH
43349;9770;WWPP;FL
43419;9770;WWSH;FL
43469;9770;WWUF;GA
45570;9770;CBC1; ?
45571;9770;CBC2; ?
45572;9770;CBCF1; ?
45573;9770;CBCF2; ?
49421;9770;CFAL;NL
49435;9770;CFAZ;NL
49445;9770;CFBI;NU
49485;9770;CFCV;NL
49587;9770;CFGP;AB
50278;9770;CHGB;ON
50458;9770;CHMS;ON
50506;9770;CHOM;QC
50519;9770;CFAZ;NL
50617;9770;CHSP;AB
50654;9770;CHTZ;ON
50671;9770;CHUP;AB
50903;9770;CIDD;SK
51426;9770;CIWL;SK
52350;9770;CKEN;NS
52754;9770;CKTK;BC
53514;9770;W249DL;SC
53518;9770;K249CM;ID
53544;9770;W249BT;MI
53555;9770;W249DR;MI
53577;9770;W249DS;IN
53591;9770;W238AU;GA
53601;9770;K249FB;NM
53608;9770;K249EZ;MN
53621;9770;W249CZ;IL
53638;9770;W249CI;VA
53644;9770;W249DA;TN
53645;9770;W249DJ;KY
53648;9770;K249DT;KS
53657;9770;K249CS;CA
53664;9770;K249BK;MN
53675;9770;W249DQ;TN
53713;9770;K249FK;CO
53740;9770;W249BS;GA
53748;9770;W249BR;TN
53759;9770;W249AR;NC
53767;9770;K249CV;WA
53769;9770;W249BC;NY
53792;9770;K249EY;LA
53796;9770;W249CF;NY
53802;9770;K249EN;OK
53821;9770;K249AQ;CA
53844;9770;W249CY;NC
53852;9770;W249CX;MN
53854;9770;W249EE;OH
53857;9770;W249CW;CT
53929;9770;W249BZ;NC
53939;9770;K249FJ;CA
53953;9770;W249DC;IN
53955;9770;W249DB;GA
53970;9770;W249CN;NC
53997;9770;K249AW;CO
54046;9770;W249AO;MS
54057;9770;K249EW;CA
54064;9770;K249EJ;IA
54073;9770;K249EH;HI
54099;9770;W275BZ;FL
54102;9770;W249CT;VA
54103;9770;K249BY;AK
54127;9770;W249DK;MN
54133;9770;W249CH;FL
54147;9770;K249FH;OK
54182;9770;K249DO;IA
54189;9770;W249BY;NJ
54199;9770;K249EO;IA
54209;9770;W249AH;TN
54210;9770;K249ED;MN
54221;9770;K249EE;ID
54226;9770;K249DA;UT
54227;9770;W249CK;GA
54237;9770;W249BN;TN
54274;9770;W249DM;FL
54279;9770;K249CW;WY
54281;9770;W249AA;PA
54287;9770;K249EU;CA
54308;9770;W249BX;NC
54326;9770;K249FF;WA
54334;9770;K249EQ;UT
54340;9770;W249AT;PA
54372;9770;W249DH;WI
54394;9770;K249DU;TX
54407;9770;W249AL;VA
54417;9770;K249DV;LA
54418;9770;K249ET;TX
54424;9770;W249DF;KY
54447;9770;K249DJ;CA
54459;9770;K249EX;CO
54470;9770;W249DD;PA
54486;9770;K249FI;KS
54497;9770;K249ES;NV
54499;9770;W249DW;NY
54502;9770;W249DG;IN
54509;9770;W249CA;NJ
54521;9770;W249DP;MA
54527;9770;W249CM;NJ
54546;9770;W249ED;NY
54575;9770;W249DT;KY
54580;9770;W249AS;NY
54664;9770;W249DX;VA
54741;9770;W249DY;CT
54746;9770;W249DU;WV
54763;9770;K249FG;OK
56370;9770;K249ED;MN
61441;9770;XHGL;YU
4560;9790;KARW;CA
4903;9790;KBFB;TX
4947;9790;WXTB;FL
5133;9790;KBNX;TX
5142;9790;KBOG;OR
5371;9790;KBXB;MO
5393;9790;KBXX;TX
5399;9790;WSIX;TN
5435;9790;KBZN;UT
5703;9790;KCJV;TX
5777;9790;KCMR;IA
5944;9790;WNCI;OH
6127;9790;WKSL;FL
6590;9790;WUCS;CT
6741;9790;KDXT;MT
6800;9790;KEAA;AK
6934;9790;KEFE;MN
7388;9790;KXBG;WY
7505;9790;KFBD;MO
7530;9790;KFCC;TX
7563;9790;WJLB;MI
7836;9790;KFNW;ND
8492;9790;KGNC;TX
9566;9790;KICK;MO
9997;9790;KISZ;CO
10517;9790;KJMZ;OK
10888;9790;KKBG;HI
11369;9790;KKTT;NV
11555;9790;KLAX;CA
11824;9790;KLLG;CA
11850;9790;KLMG;CA
12062;9790;KLUK;CA
12093;9790;KLVP;OR
12096;9790;K281BL;CA
12216;9790;KMAI;CA
13363;9790;KNSL;IA
13650;9790;KODM;TX
14603;9790;KPOD;CA
14849;9790;KPXP;MP
15044;9790;KQFC;ID
15208;9790;KQLK;LA
15380;9790;KQSA;TX
15615;9790;KRBB;KS
16946;9790;KTAG;WY
17240;9790;KTLO;AR
17265;9790;KTMN;NM
17349;9790;KVPC;SD
18009;9790;KUPD;AZ
18684;9790;KVPC;SD
18855;9790;KVVR;MT
19125;9790;KWGB;KS
19649;9790;KXAF;TX
19728;9790;KXDG;MO
20781;9790;KYRT;TX
20961;9790;KYYR;WA
21023;9790;KZBB;OK
21491;9790;KZTB;OR
21569;9790;KZWB;WY
21980;9790;WALW;AL
22364;9790;WIBT;MS
22378;9790;WBBE;IL
22391;9790;KCMR;IA
22476;9790;WBEY;MD
22839;9790;WBSX;PA
22981;9790;WBYJ;NC
23217;9790;W250BP;NC
23241;9790;W250BE;NY
23295;9790;WCKL;IL
23431;9790;WCPR;MS
24018;9790;WDMG;GA
24926;9790;WEVE;MN
25974;9790;WGJM;OH
26083;9790;WGNR;IN
26095;9790;WGOD;VI
26173;9790;WGRD;MI
26425;9790;WHAV;MA
27107;9790;WIBB;GA
27125;9790;WIBT;MS
27264;9790;WIHC;MI
27313;9790;WIIZ;SC
27728;9790;WIYY;MD
27798;9790;WJBQ;ME
28125;9790;WJOF;NC
28353;9790;WJWZ;AL
29083;9790;WKZB;MS
29307;9790;WLHR;TN
29940;9790;WMGA;WV
30487;9790;WNBB;NC
31267;9790;WOFB;TN
31298;9790;W250BC;GA
31922;9790;WPEG;NC
32434;9790;WPXY;NY
33281;9790;WREN;VA
33324;9790;WRGE;FL
33387;9790;WRIP;NY
33481;9790;WRMF;FL
34116;9790;WSKQ;NY
34118;9790;WSKS;NY
34138;9790;WSLM;IN
34192;9790;WSNO;NY
34249;9790;WSPT;WI
34964;9790;WTRG;NC
34996;9790;WTSM;FL
35710;9790;WUTY;MA
35897;9790;WVBD;WV
36242;9790;WVOK;AL
36711;9790;WWGL;OH
37329;9790;WXEF;IL
37550;9790;WSNO;NY
37714;9790;WXTA;PA
37719;9790;WXTF;MI
39004;9790;WZQQ;KY
39242;9790;WZZU;VA
41481;9790;KTLO;AR
41825;9790;KMGV;CA
41993;9790;KSEZ;IA
42794;9790;WKKW;WV
45570;9790;CBC1; ?
45571;9790;CBC2; ?
45572;9790;CBCF1; ?
45573;9790;CBCF2; ?
49502;9790;CFDL;NL
49521;9790;CFED;AB
49710;9790;CFLC;NL
49721;9790;CFLN;NL
49775;9790;CFNN;NL
49834;9790;CFPS;ON
50619;9790;CHSR;NB
51195;9790;CINY;QC
51291;9790;CIRL;SK
51594;9790;CJCQ;SK
51755;9790;CJLL;ON
51833;9790;CJLL;ON
51878;9790;CJNC;MB
52292;9790;CKCJ;QC
52362;9790;CKEZ;NS
52826;9790;CKWB;AB
52902;9790;CKYX;AB
53526;9790;W262AR;AL
53539;9790;W250AK;NJ
53541;9790;K250BC;IA
53546;9790;W250BZ;IN
53598;9790;W250CC;NY
53600;9790;W250BJ;SC
53602;9790;W250BL;IL
53603;9790;K250BU;IA
53633;9790;W250CF;PR
53643;9790;W250CX;NY
53646;9790;W250AB;NH
53647;9790;W250BI;PA
53653;9790;W250AP;PA
53664;9790;K250BV;CA
53679;9790;K250AI;NM
53731;9790;W250AD;NY
53755;9790;W250BQ;VA
53790;9790;W250CB;AL
53797;9790;K250AJ;TX
53807;9790;W250BP;NC
53819;9790;W250BD;KY
53830;9790;W250BE;NY
53847;9790;W250BR;TN
53854;9790;W250CV;WI
53909;9790;W250CQ;MI
53929;9790;W250CH;CT
53990;9790;K250BK;OR
54004;9790;K250CD;MN
54033;9790;K250BG;CA
54057;9790;W250CP;PA
54114;9790;W250CK;KY
54152;9790;K250AZ;WI
54153;9790;K250BY;MN
54165;9790;W250CD;AL
54180;9790;K250AU;OK
54183;9790;W250BO;MI
54217;9790;W250BN;WI
54219;9790;K250AB;NM
54244;9790;K250CC;HI
54256;9790;K250BI;AZ
54267;9790;K250BW;WA
54273;9790;W250BK;GA
54279;9790;K250BQ;AR
54291;9790;W250BC;GA
54327;9790;K250AC;MN
54344;9790;K250AT;KS
54370;9790;K250AN;AZ
54374;9790;W250CE;FL
54375;9790;K250BA;LA
54381;9790;K250BX;CA
54384;9790;K250BN;OK
54389;9790;K250BH;AR
54403;9790;W250BY;AL
54420;9790;K250BS;CA
54422;9790;K250BL;WA
54423;9790;K250BZ;OR
54426;9790;K250AY;KS
54452;9790;W250BH;FL
54457;9790;K250BR;CA
54460;9790;W250CM;MD
54488;9790;W250BW;KY
54495;9790;K250BB;WA
54497;9790;W250AE;VA
54544;9790;K250CE;AR
54614;9790;W250AZ;NC
54628;9790;W250CL;KY
54641;9790;W250CW;PA
54652;9790;W250CI;NY
54688;9790;W250CY;PA
54693;9790;K250CF;AR
54751;9790;W250CR;VA
54761;9790;W250CU;WV
54782;9790;K250BP;MT
65280;9790;W250AZ;NC
